{
  "options": [
    {
      "enabled": true,
      "definition": {
        "id": "5d58cc01-7c75-450c-be18-a388ddb129ec"
      },
      "inputs": {
        "branchFilters": "[\"+refs/heads/master\"]"
      }
    }
  ],
  "triggers": [],
  "properties": {},
  "tags": [],
  "_links": "{}",
  "comment": "Updated automatic work item linking branch to +refs/heads/master. Updated automatic work item linking status to true",
  "jobAuthorizationScope": "projectCollection",
  "jobTimeoutInMinutes": 60,
  "jobCancelTimeoutInMinutes": 5,
  "badgeEnabled": true,
  "process": {
    "yamlFilename": "azure-pipelines.yml",
    "type": 2
  },
  "repository": {
    "properties": {
      "cloneUrl": "https://703272279@dev.azure.com/703272279/TicketingSystemDemo/_git/TicketingSystemDemo",
      "fullName": "TicketingSystemDemo",
      "defaultBranch": "refs/heads/master",
      "isFork": "False",
      "safeRepository": "8cc85a81-7c33-4158-a544-98e7e7d70ac3",
      "reportBuildStatus": "true"
    },
    "id": "8cc85a81-7c33-4158-a544-98e7e7d70ac3",
    "type": "TfsGit",
    "name": "TicketingSystemDemo",
    "url": "https://$Organization$@dev.azure.com/$Organization$/$ProjectName$/_git/TicketingSystemDemo",
    "defaultBranch": "refs/heads/master",
    "clean": null,
    "checkoutSubmodules": false
  },
  "quality": "definition",
  "authoredBy": "{}",
  "drafts": [],
  "queue": {
    "_links": {
      "self": {
        "href": "https://dev.azure.com/$Organization$/_apis/build/Queues/$Hosted Ubuntu 1604$"
      }
    },
    "id": "$Hosted Ubuntu 1604$",
    "name": "Hosted Ubuntu 1604",
    "url": "https://dev.azure.com/$Organization$/_apis/build/Queues/$Hosted Ubuntu 1604$",
    "pool": {
      "id": "",
      "name": "Hosted Ubuntu 1604",
      "isHosted": true
    }
  },
  "id": "",
  "name": "TicketingSystemDemo",
  "url": "",
  "uri": "",
  "path": "\\",
  "type": "build",
  "queueStatus": "enabled",
  "revision": 2,
  "createdDate": "",
  "project": "{}"
}