{
  "count": 2,
  "value": [
    {
      "id": 2,
      "rev": 17,
      "fields": {
        "System.AreaPath": "TicketingSystemDemo",
        "System.TeamProject": "TicketingSystemDemo",
        "System.IterationPath": "TicketingSystemDemo",
        "System.WorkItemType": "Task",
        "System.State": "To Do",
        "System.Reason": "Added to backlog",
        "System.CreatedDate": "2021-01-28T15:19:33.883Z",
        "System.CreatedBy": "Vibhor Saxena <703272279@genpact.com>",
        "System.ChangedDate": "2021-02-04T01:21:27.25Z",
        "System.ChangedBy": "Microsoft.VisualStudio.Services.TFS <00000002-0000-8888-8000-000000000000@2c895908-04e0-4952-89fd-54b0046d6288>",
        "System.Title": "Setup automated CI/CD Azure Devops pipeline viz. integrated Boards as Ticketing System",
        "Microsoft.VSTS.Scheduling.Effort": 0.0,
        "System.Description": "<div><div style=\"box-sizing:border-box;\"><span style=\"box-sizing:border-box;\">What : As IaaC/Cloud DevOps solution team member, there is a need to design &amp; setup the end to end CI/CD devops pipeline integrated with Azure Boards (to be used as Ticketing System)</span></div><div style=\"box-sizing:border-box;\"><span style=\"box-sizing:border-box;\"><br style=\"box-sizing:border-box;\"></span></div><div style=\"box-sizing:border-box;\"><span style=\"box-sizing:border-box;\">Why : For Customer Demo purpose</span></div><div style=\"box-sizing:border-box;\"><span style=\"box-sizing:border-box;\"><br style=\"box-sizing:border-box;\"></span></div><div style=\"box-sizing:border-box;\"><span style=\"box-sizing:border-box;\">Definition Of Done :&nbsp;</span></div><div style=\"box-sizing:border-box;\"><span style=\"box-sizing:border-box;\">a. Hook up GitHub with sample codebase as source webhook for Azure pipeline</span></div><div style=\"box-sizing:border-box;\"><span style=\"box-sizing:border-box;\">b. Establish Code-promote-Deploy pipeline</span></div><div style=\"box-sizing:border-box;\"><span style=\"box-sizing:border-box;\">c. Hook up/link commitIds, pull requests etc. with associated Work item</span></div><div style=\"box-sizing:border-box;\"><span style=\"box-sizing:border-box;\">d. Demo the setup to CoE team and/or Customer</span></div><div style=\"box-sizing:border-box;\"><span style=\"box-sizing:border-box;\">e. Take UAT</span></div><div style=\"box-sizing:border-box;\">f. Productionize/Rollout</div><br></div>",
        "System.AssignedTo": "Vibhor Saxena <703272279@genpact.com>",
        "Microsoft.VSTS.Scheduling.RemainingWork": 0.0,
        "Microsoft.VSTS.Common.Priority": 2.0,
        "System.BoardLane": null,
        "System.Tags": "configuration",
        "Microsoft.VSTS.TCM.Steps": null,
        "Microsoft.VSTS.TCM.Parameters": null,
        "Microsoft.VSTS.TCM.LocalDataSource": null,
        "Microsoft.VSTS.TCM.AutomationStatus": null,
        "System.History": null
      },
      "relations": [
        {
          "rel": "ArtifactLink",
          "url": "vstfs:///GitHub/PullRequest/1dc03919-bf01-4d56-853d-d15d08c2b6f6%2f8",
          "attributes": {
            "authorizedDate": "2021-02-03T11:57:14.587Z",
            "id": "431430",
            "resourceCreatedDate": "2021-02-03T11:57:14.587Z",
            "resourceModifiedDate": "2021-02-03T11:57:14.587Z",
            "revisedDate": "9999-01-01T00:00:00Z",
            "name": "GitHub Pull Request"
          }
        },
        {
          "rel": "ArtifactLink",
          "url": "vstfs:///ReleaseManagement/ReleaseEnvironment/976bcf7a-5c07-4334-a8c1-848c501ca00a:13:13",
          "attributes": {
            "authorizedDate": "2021-02-03T12:27:31.467Z",
            "id": "431437",
            "resourceCreatedDate": "2021-02-03T12:27:31.467Z",
            "resourceModifiedDate": "2021-02-03T12:27:31.467Z",
            "revisedDate": "9999-01-01T00:00:00Z",
            "name": "Integrated in release environment"
          }
        },
        {
          "rel": "ArtifactLink",
          "url": "vstfs:///GitHub/Commit/1dc03919-bf01-4d56-853d-d15d08c2b6f6%2f9b3006fc92b6446404cbc6bb2f7602a64fdfaeb5",
          "attributes": {
            "authorizedDate": "2021-01-28T15:53:48.34Z",
            "id": "424838",
            "resourceCreatedDate": "2021-01-28T15:53:48.34Z",
            "resourceModifiedDate": "2021-01-28T15:53:48.34Z",
            "revisedDate": "9999-01-01T00:00:00Z",
            "name": "GitHub Commit"
          }
        },
        {
          "rel": "ArtifactLink",
          "url": "vstfs:///ReleaseManagement/ReleaseEnvironment/976bcf7a-5c07-4334-a8c1-848c501ca00a:25:25",
          "attributes": {
            "authorizedDate": "2021-02-04T01:21:27.25Z",
            "id": "432969",
            "resourceCreatedDate": "2021-02-04T01:21:27.25Z",
            "resourceModifiedDate": "2021-02-04T01:21:27.25Z",
            "revisedDate": "9999-01-01T00:00:00Z",
            "name": "Integrated in release environment"
          }
        },
        {
          "rel": "ArtifactLink",
          "url": "vstfs:///GitHub/Commit/1dc03919-bf01-4d56-853d-d15d08c2b6f6%2f442b307ee52aff1b805b569fa47677f909e206c5",
          "attributes": {
            "authorizedDate": "2021-02-03T22:21:23.987Z",
            "id": "431736",
            "resourceCreatedDate": "2021-02-03T22:21:23.987Z",
            "resourceModifiedDate": "2021-02-03T22:21:23.987Z",
            "revisedDate": "9999-01-01T00:00:00Z",
            "name": "GitHub Commit"
          }
        },
        {
          "rel": "ArtifactLink",
          "url": "vstfs:///GitHub/Commit/1dc03919-bf01-4d56-853d-d15d08c2b6f6%2fb82a6f7fdc4e9b9825cce8c7f9d7d5c4fa8ddbae",
          "attributes": {
            "authorizedDate": "2021-02-03T12:36:35.897Z",
            "id": "431439",
            "resourceCreatedDate": "2021-02-03T12:36:35.897Z",
            "resourceModifiedDate": "2021-02-03T12:36:35.897Z",
            "revisedDate": "9999-01-01T00:00:00Z",
            "name": "GitHub Commit"
          }
        },
        {
          "rel": "ArtifactLink",
          "url": "vstfs:///ReleaseManagement/ReleaseEnvironment/976bcf7a-5c07-4334-a8c1-848c501ca00a:12:12",
          "attributes": {
            "authorizedDate": "2021-02-03T11:34:52Z",
            "id": "431425",
            "resourceCreatedDate": "2021-02-03T11:34:52Z",
            "resourceModifiedDate": "2021-02-03T11:34:52Z",
            "revisedDate": "9999-01-01T00:00:00Z",
            "name": "Integrated in release environment"
          }
        },
        {
          "rel": "ArtifactLink",
          "url": "vstfs:///GitHub/PullRequest/1dc03919-bf01-4d56-853d-d15d08c2b6f6%2f6",
          "attributes": {
            "authorizedDate": "2021-02-03T09:59:55.47Z",
            "id": "431389",
            "resourceCreatedDate": "2021-02-03T09:59:55.47Z",
            "resourceModifiedDate": "2021-02-03T09:59:55.47Z",
            "revisedDate": "9999-01-01T00:00:00Z",
            "name": "GitHub Pull Request"
          }
        },
        {
          "rel": "ArtifactLink",
          "url": "vstfs:///GitHub/Commit/1dc03919-bf01-4d56-853d-d15d08c2b6f6%2f14b219fee9aa24373ec24dfb13177c34826ee999",
          "attributes": {
            "authorizedDate": "2021-02-02T15:26:16.17Z",
            "id": "430318",
            "resourceCreatedDate": "2021-02-02T15:26:16.17Z",
            "resourceModifiedDate": "2021-02-02T15:26:16.17Z",
            "revisedDate": "9999-01-01T00:00:00Z",
            "name": "GitHub Commit"
          }
        },
        {
          "rel": "ArtifactLink",
          "url": "vstfs:///GitHub/Commit/1dc03919-bf01-4d56-853d-d15d08c2b6f6%2f796c03a950aef01eeb900c061c3ec0d873194d68",
          "attributes": {
            "authorizedDate": "2021-02-03T09:57:36.02Z",
            "id": "431387",
            "resourceCreatedDate": "2021-02-03T09:57:36.02Z",
            "resourceModifiedDate": "2021-02-03T09:57:36.02Z",
            "revisedDate": "9999-01-01T00:00:00Z",
            "name": "GitHub Commit"
          }
        },
        {
          "rel": "ArtifactLink",
          "url": "vstfs:///GitHub/Commit/1dc03919-bf01-4d56-853d-d15d08c2b6f6%2f542a52d321999a8f1b6e299593d187c4d290ff54",
          "attributes": {
            "authorizedDate": "2021-02-03T10:12:35.513Z",
            "id": "431391",
            "resourceCreatedDate": "2021-02-03T10:12:35.513Z",
            "resourceModifiedDate": "2021-02-03T10:12:35.513Z",
            "revisedDate": "9999-01-01T00:00:00Z",
            "name": "GitHub Commit"
          }
        },
        {
          "rel": "ArtifactLink",
          "url": "vstfs:///GitHub/Commit/1dc03919-bf01-4d56-853d-d15d08c2b6f6%2f6b38b8438cc7997375aa15aac1a6ac43a5cb11c6",
          "attributes": {
            "authorizedDate": "2021-02-03T09:59:11.38Z",
            "id": "431388",
            "resourceCreatedDate": "2021-02-03T09:59:11.38Z",
            "resourceModifiedDate": "2021-02-03T09:59:11.38Z",
            "revisedDate": "9999-01-01T00:00:00Z",
            "name": "GitHub Commit"
          }
        },
        {
          "rel": "ArtifactLink",
          "url": "vstfs:///GitHub/Commit/1dc03919-bf01-4d56-853d-d15d08c2b6f6%2f52607080ec372ff4fc44810939fac7d2bc9f9d30",
          "attributes": {
            "authorizedDate": "2021-02-03T11:56:41.47Z",
            "id": "431428",
            "resourceCreatedDate": "2021-02-03T11:56:41.47Z",
            "resourceModifiedDate": "2021-02-03T11:56:41.47Z",
            "revisedDate": "9999-01-01T00:00:00Z",
            "name": "GitHub Commit"
          }
        },
        {
          "rel": "ArtifactLink",
          "url": "vstfs:///GitHub/PullRequest/1dc03919-bf01-4d56-853d-d15d08c2b6f6%2f5",
          "attributes": {
            "authorizedDate": "2021-02-03T09:45:14.563Z",
            "id": "431385",
            "resourceCreatedDate": "2021-02-03T09:45:14.563Z",
            "resourceModifiedDate": "2021-02-03T09:45:14.563Z",
            "revisedDate": "9999-01-01T00:00:00Z",
            "name": "GitHub Pull Request"
          }
        },
        {
          "rel": "ArtifactLink",
          "url": "vstfs:///GitHub/Commit/1dc03919-bf01-4d56-853d-d15d08c2b6f6%2f4de9d739cc1577bdf2d4d496de39cec66fe403b5",
          "attributes": {
            "authorizedDate": "2021-02-03T09:44:42.87Z",
            "id": "431384",
            "resourceCreatedDate": "2021-02-03T09:44:42.87Z",
            "resourceModifiedDate": "2021-02-03T09:44:42.87Z",
            "revisedDate": "9999-01-01T00:00:00Z",
            "name": "GitHub Commit"
          }
        }
      ],
      "url": "https://dev.azure.com/703272279/_apis/wit/workItems/2"
    },
    {
      "id": 1,
      "rev": 26,
      "fields": {
        "System.AreaPath": "TicketingSystemDemo",
        "System.TeamProject": "TicketingSystemDemo",
        "System.IterationPath": "TicketingSystemDemo",
        "System.WorkItemType": "Task",
        "System.State": "To Do",
        "System.Reason": "Moved to backlog",
        "System.CreatedDate": "2021-01-28T13:51:43.67Z",
        "System.CreatedBy": "Vibhor Saxena <703272279@genpact.com>",
        "System.ChangedDate": "2021-02-04T01:21:27.173Z",
        "System.ChangedBy": "Microsoft.VisualStudio.Services.TFS <00000002-0000-8888-8000-000000000000@2c895908-04e0-4952-89fd-54b0046d6288>",
        "System.Title": "Setup automated CI/CD Azure Devops pipeline viz. integrated Boards as Ticketing System",
        "Microsoft.VSTS.Scheduling.Effort": 0.0,
        "System.Description": "<div><span>What : As IaaC/Cloud DevOps solution team member, there is a need to design &amp; setup the end to end CI/CD devops pipeline integrated with Azure Boards (to be used as Ticketing System)</span></div><div><span><br></span></div><div><span>Why : For Customer Demo purpose</span></div><div><span><br></span></div><div><span>Definition Of Done :&nbsp;</span></div><div><span>a. Hook up GitHub with sample codebase as source webhook for Azure pipeline</span></div><div><span>b. Establish Code-promote-Deploy pipeline</span></div><div><span>c. Hook up/link commitIds, pull requests etc. with associated Work item</span></div><div><span>d. Demo the setup to CoE team and/or Customer</span></div><div><span>e. Take UAT</span></div><div>f. Productionize/Rollout</div>",
        "System.AssignedTo": "Vibhor Saxena <703272279@genpact.com>",
        "Microsoft.VSTS.Scheduling.RemainingWork": 0.0,
        "Microsoft.VSTS.Common.Priority": 2.0,
        "System.BoardLane": null,
        "System.Tags": "configuration",
        "Microsoft.VSTS.TCM.Steps": null,
        "Microsoft.VSTS.TCM.Parameters": null,
        "Microsoft.VSTS.TCM.LocalDataSource": null,
        "Microsoft.VSTS.TCM.AutomationStatus": null,
        "System.History": null
      },
      "relations": [
        {
          "rel": "ArtifactLink",
          "url": "vstfs:///GitHub/Commit/1dc03919-bf01-4d56-853d-d15d08c2b6f6%2f58b418d27e7020026b152456fb9d2edd30b9b52c",
          "attributes": {
            "authorizedDate": "2021-02-03T23:35:03.26Z",
            "id": "431770",
            "resourceCreatedDate": "2021-02-03T23:35:03.26Z",
            "resourceModifiedDate": "2021-02-03T23:35:03.26Z",
            "revisedDate": "9999-01-01T00:00:00Z",
            "name": "GitHub Commit"
          }
        },
        {
          "rel": "ArtifactLink",
          "url": "vstfs:///GitHub/Commit/1dc03919-bf01-4d56-853d-d15d08c2b6f6%2fbb8e8bd2b43db770c1b542685bcc1c71562045ff",
          "attributes": {
            "authorizedDate": "2021-02-03T09:43:02.76Z",
            "id": "431383",
            "resourceCreatedDate": "2021-02-03T09:43:02.76Z",
            "resourceModifiedDate": "2021-02-03T09:43:02.76Z",
            "revisedDate": "9999-01-01T00:00:00Z",
            "name": "GitHub Commit"
          }
        },
        {
          "rel": "ArtifactLink",
          "url": "vstfs:///GitHub/Commit/1dc03919-bf01-4d56-853d-d15d08c2b6f6%2f3d912c7060e5dfdca8221dc3613f40344e309c40",
          "attributes": {
            "authorizedDate": "2021-02-03T10:56:53.633Z",
            "id": "431419",
            "resourceCreatedDate": "2021-02-03T10:56:53.633Z",
            "resourceModifiedDate": "2021-02-03T10:56:53.633Z",
            "revisedDate": "9999-01-01T00:00:00Z",
            "name": "GitHub Commit"
          }
        },
        {
          "rel": "ArtifactLink",
          "url": "vstfs:///ReleaseManagement/ReleaseEnvironment/976bcf7a-5c07-4334-a8c1-848c501ca00a:12:12",
          "attributes": {
            "authorizedDate": "2021-02-03T11:34:51.923Z",
            "id": "431424",
            "resourceCreatedDate": "2021-02-03T11:34:51.923Z",
            "resourceModifiedDate": "2021-02-03T11:34:51.923Z",
            "revisedDate": "9999-01-01T00:00:00Z",
            "name": "Integrated in release environment"
          }
        },
        {
          "rel": "ArtifactLink",
          "url": "vstfs:///ReleaseManagement/ReleaseEnvironment/976bcf7a-5c07-4334-a8c1-848c501ca00a:13:13",
          "attributes": {
            "authorizedDate": "2021-02-03T12:27:31.387Z",
            "id": "431436",
            "resourceCreatedDate": "2021-02-03T12:27:31.387Z",
            "resourceModifiedDate": "2021-02-03T12:27:31.387Z",
            "revisedDate": "9999-01-01T00:00:00Z",
            "name": "Integrated in release environment"
          }
        },
        {
          "rel": "ArtifactLink",
          "url": "vstfs:///GitHub/PullRequest/1dc03919-bf01-4d56-853d-d15d08c2b6f6%2f16",
          "attributes": {
            "authorizedDate": "2021-02-03T23:36:14.637Z",
            "id": "431772",
            "resourceCreatedDate": "2021-02-03T23:36:14.637Z",
            "resourceModifiedDate": "2021-02-03T23:36:14.637Z",
            "revisedDate": "9999-01-01T00:00:00Z",
            "name": "GitHub Pull Request"
          }
        },
        {
          "rel": "ArtifactLink",
          "url": "vstfs:///GitHub/Commit/1dc03919-bf01-4d56-853d-d15d08c2b6f6%2fa713d47f83fa7ac21e64be087d3310b40380f99d",
          "attributes": {
            "authorizedDate": "2021-02-03T21:33:58.083Z",
            "id": "431712",
            "resourceCreatedDate": "2021-02-03T21:33:58.083Z",
            "resourceModifiedDate": "2021-02-03T21:33:58.083Z",
            "revisedDate": "9999-01-01T00:00:00Z",
            "name": "GitHub Commit"
          }
        },
        {
          "rel": "ArtifactLink",
          "url": "vstfs:///ReleaseManagement/ReleaseEnvironment/976bcf7a-5c07-4334-a8c1-848c501ca00a:25:25",
          "attributes": {
            "authorizedDate": "2021-02-04T01:21:27.173Z",
            "id": "432968",
            "resourceCreatedDate": "2021-02-04T01:21:27.173Z",
            "resourceModifiedDate": "2021-02-04T01:21:27.173Z",
            "revisedDate": "9999-01-01T00:00:00Z",
            "name": "Integrated in release environment"
          }
        },
        {
          "rel": "ArtifactLink",
          "url": "vstfs:///GitHub/Commit/1dc03919-bf01-4d56-853d-d15d08c2b6f6%2f38ca5bb92f5a431977cc7f112176d9220e70ae6a",
          "attributes": {
            "authorizedDate": "2021-02-04T00:43:13.893Z",
            "id": "432779",
            "resourceCreatedDate": "2021-02-04T00:43:13.893Z",
            "resourceModifiedDate": "2021-02-04T00:43:13.893Z",
            "revisedDate": "9999-01-01T00:00:00Z",
            "name": "GitHub Commit"
          }
        },
        {
          "rel": "ArtifactLink",
          "url": "vstfs:///GitHub/Commit/1dc03919-bf01-4d56-853d-d15d08c2b6f6%2f0663efed9f3ee19748c6bd8c24006ec37dcc6c71",
          "attributes": {
            "authorizedDate": "2021-02-03T21:44:18.057Z",
            "id": "431717",
            "resourceCreatedDate": "2021-02-03T21:44:18.057Z",
            "resourceModifiedDate": "2021-02-03T21:44:18.057Z",
            "revisedDate": "9999-01-01T00:00:00Z",
            "name": "GitHub Commit"
          }
        },
        {
          "rel": "ArtifactLink",
          "url": "vstfs:///GitHub/Commit/1dc03919-bf01-4d56-853d-d15d08c2b6f6%2fd4ef70259b5408cd456c77fa297f899ee163de61",
          "attributes": {
            "authorizedDate": "2021-02-03T09:36:57.93Z",
            "id": "431379",
            "resourceCreatedDate": "2021-02-03T09:36:57.93Z",
            "resourceModifiedDate": "2021-02-03T09:36:57.93Z",
            "revisedDate": "9999-01-01T00:00:00Z",
            "name": "GitHub Commit"
          }
        },
        {
          "rel": "ArtifactLink",
          "url": "vstfs:///GitHub/Commit/1dc03919-bf01-4d56-853d-d15d08c2b6f6%2f68bf1bdf26383b4b41c37eb6f6a0ccb95cd2c256",
          "attributes": {
            "authorizedDate": "2021-02-03T23:24:54.493Z",
            "id": "431769",
            "resourceCreatedDate": "2021-02-03T23:24:54.493Z",
            "resourceModifiedDate": "2021-02-03T23:24:54.493Z",
            "revisedDate": "9999-01-01T00:00:00Z",
            "name": "GitHub Commit"
          }
        },
        {
          "rel": "ArtifactLink",
          "url": "vstfs:///GitHub/Commit/1dc03919-bf01-4d56-853d-d15d08c2b6f6%2f61e6671bb8a226743539b98ac36842eed9be14d6",
          "attributes": {
            "authorizedDate": "2021-02-03T23:13:58.877Z",
            "id": "431768",
            "resourceCreatedDate": "2021-02-03T23:13:58.877Z",
            "resourceModifiedDate": "2021-02-03T23:13:58.877Z",
            "revisedDate": "9999-01-01T00:00:00Z",
            "name": "GitHub Commit"
          }
        },
        {
          "rel": "ArtifactLink",
          "url": "vstfs:///GitHub/PullRequest/1dc03919-bf01-4d56-853d-d15d08c2b6f6%2f9",
          "attributes": {
            "authorizedDate": "2021-02-03T21:24:46.49Z",
            "id": "431707",
            "resourceCreatedDate": "2021-02-03T21:24:46.49Z",
            "resourceModifiedDate": "2021-02-03T21:24:46.49Z",
            "revisedDate": "9999-01-01T00:00:00Z",
            "name": "GitHub Pull Request"
          }
        },
        {
          "rel": "ArtifactLink",
          "url": "vstfs:///GitHub/Commit/1dc03919-bf01-4d56-853d-d15d08c2b6f6%2ff07430c8e2e86a5b50cfdcfe7ce7e51291edaa7b",
          "attributes": {
            "authorizedDate": "2021-02-02T08:54:42.533Z",
            "id": "430136",
            "resourceCreatedDate": "2021-02-02T08:54:42.533Z",
            "resourceModifiedDate": "2021-02-02T08:54:42.533Z",
            "revisedDate": "9999-01-01T00:00:00Z",
            "name": "GitHub Commit"
          }
        },
        {
          "rel": "ArtifactLink",
          "url": "vstfs:///GitHub/Commit/1dc03919-bf01-4d56-853d-d15d08c2b6f6%2f5c7edd71b99b564383781c8bd9c43cb79b2324a5",
          "attributes": {
            "authorizedDate": "2021-02-03T23:06:38.837Z",
            "id": "431765",
            "resourceCreatedDate": "2021-02-03T23:06:38.837Z",
            "resourceModifiedDate": "2021-02-03T23:06:38.837Z",
            "revisedDate": "9999-01-01T00:00:00Z",
            "name": "GitHub Commit"
          }
        },
        {
          "rel": "ArtifactLink",
          "url": "vstfs:///GitHub/PullRequest/1dc03919-bf01-4d56-853d-d15d08c2b6f6%2f4",
          "attributes": {
            "authorizedDate": "2021-02-03T09:38:03.223Z",
            "id": "431380",
            "resourceCreatedDate": "2021-02-03T09:38:03.223Z",
            "resourceModifiedDate": "2021-02-03T09:38:03.223Z",
            "revisedDate": "9999-01-01T00:00:00Z",
            "name": "GitHub Pull Request"
          }
        },
        {
          "rel": "ArtifactLink",
          "url": "vstfs:///GitHub/Commit/1dc03919-bf01-4d56-853d-d15d08c2b6f6%2f28fc74b42441f4f3338cb9c0d04d34000d66eeb8",
          "attributes": {
            "authorizedDate": "2021-02-04T00:01:32.417Z",
            "id": "431952",
            "resourceCreatedDate": "2021-02-04T00:01:32.417Z",
            "resourceModifiedDate": "2021-02-04T00:01:32.417Z",
            "revisedDate": "9999-01-01T00:00:00Z",
            "name": "GitHub Commit"
          }
        },
        {
          "rel": "ArtifactLink",
          "url": "vstfs:///GitHub/Commit/1dc03919-bf01-4d56-853d-d15d08c2b6f6%2fbebc25e4418c1a8434ec64795ba99029ec4636d9",
          "attributes": {
            "authorizedDate": "2021-02-03T21:24:14.767Z",
            "id": "431706",
            "resourceCreatedDate": "2021-02-03T21:24:14.767Z",
            "resourceModifiedDate": "2021-02-03T21:24:14.767Z",
            "revisedDate": "9999-01-01T00:00:00Z",
            "name": "GitHub Commit"
          }
        },
        {
          "rel": "ArtifactLink",
          "url": "vstfs:///GitHub/Commit/1dc03919-bf01-4d56-853d-d15d08c2b6f6%2f7198680118715733cd5b5d6bad1aa7ce690b102f",
          "attributes": {
            "authorizedDate": "2021-02-03T11:35:14.687Z",
            "id": "431426",
            "resourceCreatedDate": "2021-02-03T11:35:14.687Z",
            "resourceModifiedDate": "2021-02-03T11:35:14.687Z",
            "revisedDate": "9999-01-01T00:00:00Z",
            "name": "GitHub Commit"
          }
        },
        {
          "rel": "ArtifactLink",
          "url": "vstfs:///GitHub/PullRequest/1dc03919-bf01-4d56-853d-d15d08c2b6f6%2f7",
          "attributes": {
            "authorizedDate": "2021-02-03T10:57:13.813Z",
            "id": "431420",
            "resourceCreatedDate": "2021-02-03T10:57:13.813Z",
            "resourceModifiedDate": "2021-02-03T10:57:13.813Z",
            "revisedDate": "9999-01-01T00:00:00Z",
            "name": "GitHub Pull Request"
          }
        },
        {
          "rel": "ArtifactLink",
          "url": "vstfs:///GitHub/Commit/1dc03919-bf01-4d56-853d-d15d08c2b6f6%2f51208c1aa16476320ddb07a8ec25ee0e2fa2ec36",
          "attributes": {
            "authorizedDate": "2021-02-03T23:45:52.88Z",
            "id": "431773",
            "resourceCreatedDate": "2021-02-03T23:45:52.88Z",
            "resourceModifiedDate": "2021-02-03T23:45:52.88Z",
            "revisedDate": "9999-01-01T00:00:00Z",
            "name": "GitHub Commit"
          }
        }
      ],
      "url": "https://dev.azure.com/703272279/_apis/wit/workItems/1"
    }
  ],
  "HttpStatusCode": 0,
  "Message": null
}