{
  "triggers": [
    {
      "branchFilters": [],
      "pathFilters": [],
      "settingsSourceType": 2,
      "batchChanges": false,
      "maxConcurrentBuildsPerBranch": 1,
      "triggerType": "continuousIntegration"
    },
    {
      "settingsSourceType": 2,
      "branchFilters": [
        "+master"
      ],
      "forks": {
        "enabled": true,
        "allowSecrets": false,
        "allowFullAccessToken": false
      },
      "pathFilters": [],
      "requireCommentsForNonTeamMembersOnly": false,
      "isCommentRequiredForPullRequest": false,
      "triggerType": "pullRequest"
    }
  ],
  "properties": {},
  "tags": [],
  "_links": "{}",
  "jobAuthorizationScope": "projectCollection",
  "jobTimeoutInMinutes": 60,
  "jobCancelTimeoutInMinutes": 5,
  "badgeEnabled": true,
  "process": {
    "yamlFilename": "azure-pipelines.yml",
    "type": 2
  },
  "repository": {
    "properties": {
      "apiUrl": "https://api.github.com/repos/$username$/pipelines-dotnet-core",
      "branchesUrl": "https://api.github.com/repos/$username$/pipelines-dotnet-core/branches",
      "cloneUrl": "https://github.com/$username$/pipelines-dotnet-core.git",
      "connectedServiceId": "$GitHub_592cabde$",
      "defaultBranch": "master",
      "fullName": "repository",
      "hasAdminPermissions": "True",
      "isFork": "True",
      "isPrivate": "False",
      "lastUpdated": "2021-01-23T16:56:56Z",
      "manageUrl": "https://github.com/$username$/pipelines-dotnet-core",
      "nodeId": "MDEwOlJlcG9zaXRvcnkyNDU4ODEwNTg=",
      "ownerId": "53684148",
      "orgName": "vibhor-voicebot",
      "refsUrl": "https://api.github.com/repos/vibhor-voicebot/pipelines-dotnet-core/git/refs",
      "safeRepository": "vibhor-voicebot/pipelines-dotnet-core",
      "shortName": "pipelines-dotnet-core",
      "ownerAvatarUrl": "https://avatars.githubusercontent.com/u/53684148?v=4",
      "archived": "False",
      "externalId": "245881058",
      "ownerIsAUser": "True",
      "reportBuildStatus": "true"
    },
    "id": "$username$/pipelines-dotnet-core",
    "type": "GitHub",
    "name": "$username$/pipelines-dotnet-core",
    "url": "https://github.com/$username$/pipelines-dotnet-core.git",
    "defaultBranch": "master",
    "clean": null,
    "checkoutSubmodules": false
  },
  "quality": "definition",
  "authoredBy": "{}",
  "drafts": [],
  "queue": {
    "_links": {
      "self": {
        "href": "https://dev.azure.com/703272279/_apis/build/Queues/8"
      }
    },
    "id": 8,
    "name": "Hosted Ubuntu 1604",
    "url": "https://dev.azure.com/703272279/_apis/build/Queues/8",
    "pool": {
      "id": "",
      "name": "Hosted Ubuntu 1604",
      "isHosted": true
    }
  },
  "id": "",
  "name": "vibhor-voicebot.pipelines-dotnet-core",
  "url": "",
  "uri": "",
  "path": "\\",
  "type": "build",
  "queueStatus": "enabled",
  "revision": 1,
  "createdDate": "",
  "project": "{}"
}