{
  "source": "userInterface",
  "revision": 35,
  "description": null,
  "createdBy": "{}",
  "createdOn": "",
  "modifiedBy": "{}",
  "modifiedOn": "",
  "isDeleted": false,
  "lastRelease": {
    "id": 29,
    "name": "Release-29",
    "artifacts": [],
    "_links": {},
    "description": "Triggered by vibhor-voicebot.pipelines-dotnet-core 20210205.4.",
    "releaseDefinition": {
      "id": 1,
      "projectReference": null,
      "_links": {}
    },
    "createdOn": "2021-02-05T09:12:06.093Z",
    "createdBy": {
      "displayName": "Microsoft.VisualStudio.Services.TFS",
      "url": "https://spsprodcus4.vssps.visualstudio.com/A2b38b00a-848b-4bd7-9183-7783067f618c/_apis/Identities/00000002-0000-8888-8000-000000000000",
      "_links": {
        "avatar": {
          "href": "https://dev.azure.com/703272279/_apis/GraphProfile/MemberAvatars/s2s.MDAwMDAwMDItMDAwMC04ODg4LTgwMDAtMDAwMDAwMDAwMDAwQDJjODk1OTA4LTA0ZTAtNDk1Mi04OWZkLTU0YjAwNDZkNjI4OA"
        }
      },
      "id": "00000002-0000-8888-8000-000000000000",
      "uniqueName": "00000002-0000-8888-8000-000000000000@2c895908-04e0-4952-89fd-54b0046d6288",
      "imageUrl": "https://dev.azure.com/703272279/_apis/GraphProfile/MemberAvatars/s2s.MDAwMDAwMDItMDAwMC04ODg4LTgwMDAtMDAwMDAwMDAwMDAwQDJjODk1OTA4LTA0ZTAtNDk1Mi04OWZkLTU0YjAwNDZkNjI4OA",
      "descriptor": "s2s.MDAwMDAwMDItMDAwMC04ODg4LTgwMDAtMDAwMDAwMDAwMDAwQDJjODk1OTA4LTA0ZTAtNDk1Mi04OWZkLTU0YjAwNDZkNjI4OA"
    }
  },
  "variables": {
    "Build.ArtifactStagingDirectory": {
      "value": "/home/vsts/work/r1/a"
    },
    "System.Debug": {
      "value": "true"
    }
  },
  "variableGroups": [],
  "environments": [
    {
      "id": 1,
      "name": "Stage 2",
      "rank": 1,
      "owner": {
        "displayName": "$OwnerDisplayName$",
        "url": "",
        "_links": "{}",
        "id": "$OwnerId$",
        "uniqueName": "$OwnerUniqueName$",
        "imageUrl": "",
        "descriptor": ""
      },
      "variables": {},
      "variableGroups": [],
      "preDeployApprovals": {
        "approvals": [
          {
            "rank": 1,
            "isAutomated": false,
            "isNotificationOn": false,
            "approver": {
              "displayName": "[TicketingSystemDemo]\\TicketingSystemDemo Team",
              "url": "https://spsprodcus4.vssps.visualstudio.com/A2b38b00a-848b-4bd7-9183-7783067f618c/_apis/Identities/312fab08-53ed-480d-b267-672e915eda29",
              "_links": {
                "avatar": {
                  "href": "https://dev.azure.com/703272279/_apis/GraphProfile/MemberAvatars/vssgp.Uy0xLTktMTU1MTM3NDI0NS0yMDYwNDEzODQ3LTEyMzQ4MzIwMy0yODMxMjU0NjY4LTEzNDQwNTMyNTgtMS00MDY0NjcxMTExLTMzNDkyNDU3NzItMjE3MzgzMDM0OS01MDkwNzEwMzU"
                }
              },
              "id": "312fab08-53ed-480d-b267-672e915eda29",
              "uniqueName": "vstfs:///Classification/TeamProject/976bcf7a-5c07-4334-a8c1-848c501ca00a\\TicketingSystemDemo Team",
              "imageUrl": "https://dev.azure.com/703272279/_apis/GraphProfile/MemberAvatars/vssgp.Uy0xLTktMTU1MTM3NDI0NS0yMDYwNDEzODQ3LTEyMzQ4MzIwMy0yODMxMjU0NjY4LTEzNDQwNTMyNTgtMS00MDY0NjcxMTExLTMzNDkyNDU3NzItMjE3MzgzMDM0OS01MDkwNzEwMzU",
              "isContainer": true,
              "descriptor": "vssgp.Uy0xLTktMTU1MTM3NDI0NS0yMDYwNDEzODQ3LTEyMzQ4MzIwMy0yODMxMjU0NjY4LTEzNDQwNTMyNTgtMS00MDY0NjcxMTExLTMzNDkyNDU3NzItMjE3MzgzMDM0OS01MDkwNzEwMzU"
            },
            "id": 4
          }
        ],
        "approvalOptions": {
          "requiredApproverCount": null,
          "releaseCreatorCanBeApprover": true,
          "autoTriggeredAndPreviousEnvironmentApprovedCanBeSkipped": false,
          "enforceIdentityRevalidation": false,
          "timeoutInMinutes": 0,
          "executionOrder": "beforeGates"
        }
      },
      "deployStep": {
        "id": 2
      },
      "postDeployApprovals": {
        "approvals": [
          {
            "rank": 1,
            "isAutomated": true,
            "isNotificationOn": false,
            "id": 3
          }
        ],
        "approvalOptions": {
          "requiredApproverCount": null,
          "releaseCreatorCanBeApprover": false,
          "autoTriggeredAndPreviousEnvironmentApprovedCanBeSkipped": false,
          "enforceIdentityRevalidation": false,
          "timeoutInMinutes": 0,
          "executionOrder": "afterSuccessfulGates"
        }
      },
      "deployPhases": [
        {
          "deploymentInput": {
            "parallelExecution": {
              "parallelExecutionType": "none"
            },
            "agentSpecification": {
              "identifier": "ubuntu-16.04"
            },
            "skipArtifactsDownload": false,
            "artifactsDownloadInput": {
              "downloadInputs": [
                {
                  "alias": "_vibhor-voicebot_pipelines-dotnet-core",
                  "artifactType": "GitHub",
                  "artifactDownloadMode": "All",
                  "artifactItems": []
                }
              ]
            },
            "queueId": "$Azure Pipelines$",
            "demands": [],
            "enableAccessToken": true,
            "timeoutInMinutes": 0,
            "jobCancelTimeoutInMinutes": 1,
            "condition": "succeeded()",
            "overrideInputs": {}
          },
          "rank": 1,
          "phaseType": "agentBasedDeployment",
          "name": "Run on agent",
          "refName": null,
          "workflowTasks": [
            {
              "environment": {},
              "taskId": "5541a522-603c-47ad-91fc-a4b1d163081b",
              "version": "2.*",
              "name": "dotnet restore",
              "refName": "",
              "enabled": true,
              "alwaysRun": false,
              "continueOnError": false,
              "timeoutInMinutes": 0,
              "definitionType": "task",
              "overrideInputs": {},
              "condition": "succeeded()",
              "inputs": {
                "command": "restore",
                "publishWebProjects": "true",
                "projects": "**/*.csproj",
                "custom": "",
                "arguments": "",
                "restoreArguments": "",
                "publishTestResults": "true",
                "testRunTitle": "",
                "zipAfterPublish": "true",
                "modifyOutputPath": "true",
                "selectOrConfig": "select",
                "feedRestore": "4cb81f11-cdc4-4eae-8c43-fdbc77f4e8b5",
                "includeNuGetOrg": "true",
                "nugetConfigPath": "",
                "externalEndpoints": "",
                "noCache": "false",
                "packagesDirectory": "",
                "verbosityRestore": "Detailed",
                "searchPatternPush": "$(Build.ArtifactStagingDirectory)/*.nupkg",
                "nuGetFeedType": "internal",
                "feedPublish": "",
                "publishPackageMetadata": "true",
                "externalEndpoint": "",
                "searchPatternPack": "**/*.csproj",
                "configurationToPack": "$(BuildConfiguration)",
                "outputDir": "$(Build.ArtifactStagingDirectory)",
                "nobuild": "false",
                "includesymbols": "false",
                "includesource": "false",
                "versioningScheme": "off",
                "versionEnvVar": "",
                "requestedMajorVersion": "1",
                "requestedMinorVersion": "0",
                "requestedPatchVersion": "0",
                "buildProperties": "",
                "verbosityPack": "Detailed",
                "workingDirectory": ""
              }
            },
            {
              "environment": {},
              "taskId": "14d9cde6-c1da-4d55-aa01-2965cd301255",
              "version": "1.*",
              "name": "Prepare analysis on SonarCloud",
              "refName": "",
              "enabled": true,
              "alwaysRun": false,
              "continueOnError": false,
              "timeoutInMinutes": 0,
              "definitionType": "task",
              "overrideInputs": {},
              "condition": "succeeded()",
              "inputs": {
                "SonarCloud": "acdcf1fa-ff7c-4239-921e-687d338dea01",
                "organization": "vibhor-voicebot",
                "scannerMode": "MSBuild",
                "configMode": "file",
                "configFile": "sonar-project.properties",
                "cliProjectKey": "",
                "projectKey": "vibhor-voicebot_pipelines-dotnet-core",
                "cliProjectName": "",
                "projectName": "TicketingSystemDemo",
                "cliProjectVersion": "1.0",
                "projectVersion": "1.0",
                "cliSources": ".",
                "extraProperties": "# Additional properties that will be passed to the scanner, \n# Put one key=value per line, example:\n# sonar.exclusions=**/*.bin\nsonar.host.url=https://sonarcloud.io\nsonar.projectKey=vibhor-voicebot_pipelines-dotnet-core\nsonar.organization=vibhor-voicebot"
              }
            },
            {
              "environment": {},
              "taskId": "5541a522-603c-47ad-91fc-a4b1d163081b",
              "version": "2.*",
              "name": "build",
              "refName": "",
              "enabled": true,
              "alwaysRun": false,
              "continueOnError": false,
              "timeoutInMinutes": 0,
              "definitionType": "task",
              "overrideInputs": {},
              "condition": "succeeded()",
              "inputs": {
                "command": "build",
                "publishWebProjects": "true",
                "projects": "**/*.csproj",
                "custom": "",
                "arguments": "",
                "restoreArguments": "",
                "publishTestResults": "true",
                "testRunTitle": "",
                "zipAfterPublish": "true",
                "modifyOutputPath": "true",
                "selectOrConfig": "select",
                "feedRestore": "",
                "includeNuGetOrg": "true",
                "nugetConfigPath": "",
                "externalEndpoints": "",
                "noCache": "false",
                "packagesDirectory": "",
                "verbosityRestore": "Detailed",
                "searchPatternPush": "$(Build.ArtifactStagingDirectory)/*.nupkg",
                "nuGetFeedType": "internal",
                "feedPublish": "",
                "publishPackageMetadata": "true",
                "externalEndpoint": "",
                "searchPatternPack": "**/*.csproj",
                "configurationToPack": "$(BuildConfiguration)",
                "outputDir": "$(Build.ArtifactStagingDirectory)",
                "nobuild": "false",
                "includesymbols": "false",
                "includesource": "false",
                "versioningScheme": "off",
                "versionEnvVar": "",
                "requestedMajorVersion": "1",
                "requestedMinorVersion": "0",
                "requestedPatchVersion": "0",
                "buildProperties": "",
                "verbosityPack": "Detailed",
                "workingDirectory": ""
              }
            },
            {
              "environment": {},
              "taskId": "5541a522-603c-47ad-91fc-a4b1d163081b",
              "version": "2.*",
              "name": "dotnet test",
              "refName": "",
              "enabled": true,
              "alwaysRun": false,
              "continueOnError": false,
              "timeoutInMinutes": 0,
              "definitionType": "task",
              "overrideInputs": {},
              "condition": "succeeded()",
              "inputs": {
                "command": "test",
                "publishWebProjects": "true",
                "projects": "**/*.csproj",
                "custom": "",
                "arguments": "",
                "restoreArguments": "",
                "publishTestResults": "true",
                "testRunTitle": "",
                "zipAfterPublish": "true",
                "modifyOutputPath": "true",
                "selectOrConfig": "select",
                "feedRestore": "",
                "includeNuGetOrg": "true",
                "nugetConfigPath": "",
                "externalEndpoints": "",
                "noCache": "false",
                "packagesDirectory": "",
                "verbosityRestore": "Detailed",
                "searchPatternPush": "$(Build.ArtifactStagingDirectory)/*.nupkg",
                "nuGetFeedType": "internal",
                "feedPublish": "",
                "publishPackageMetadata": "true",
                "externalEndpoint": "",
                "searchPatternPack": "**/*.csproj",
                "configurationToPack": "$(BuildConfiguration)",
                "outputDir": "$(Build.ArtifactStagingDirectory)",
                "nobuild": "false",
                "includesymbols": "false",
                "includesource": "false",
                "versioningScheme": "off",
                "versionEnvVar": "",
                "requestedMajorVersion": "1",
                "requestedMinorVersion": "0",
                "requestedPatchVersion": "0",
                "buildProperties": "",
                "verbosityPack": "Detailed",
                "workingDirectory": ""
              }
            },
            {
              "environment": {},
              "taskId": "0b0f01ed-7dde-43ff-9cbb-e48954daf9b1",
              "version": "2.*",
              "name": "Publish Test Results **/TEST-*.xml",
              "refName": "",
              "enabled": true,
              "alwaysRun": false,
              "continueOnError": false,
              "timeoutInMinutes": 0,
              "definitionType": "task",
              "overrideInputs": {},
              "condition": "succeeded()",
              "inputs": {
                "testRunner": "NUnit",
                "testResultsFiles": "**/TEST-*.xml",
                "searchFolder": "$(System.DefaultWorkingDirectory)",
                "mergeTestResults": "false",
                "failTaskOnFailedTests": "true",
                "testRunTitle": "",
                "platform": "",
                "configuration": "",
                "publishRunAttachments": "true"
              }
            },
            {
              "environment": {},
              "taskId": "e213ff0f-5d5c-4791-802d-52ea3e7be1f1",
              "version": "2.*",
              "name": "Analyze CodeCoverage reports",
              "refName": "",
              "enabled": true,
              "alwaysRun": false,
              "continueOnError": false,
              "timeoutInMinutes": 0,
              "definitionType": "task",
              "overrideInputs": {},
              "condition": "succeeded()",
              "inputs": {
                "targetType": "inline",
                "filePath": "",
                "arguments": "",
                "script": "Get-ChildItem -Recurse -Filter \"*.coverage\" | % {  $outfile = \"$([System.IO.Path]::GetFileNameWithoutExtension($_.FullName)).coveragexml\"  \n$output = [System.IO.Path]::Combine([System.IO.Path]::GetDirectoryName($_.FullName), $outfile)  \n\"Analyse '$($_.Name)' with output '$outfile'...\"  \n. $env:USERPROFILE\\.nuget\\packages\\microsoft.codecoverage\\16.6.1\\build\\netstandard1.0\\CodeCoverage\\CodeCoverage.exe analyze /output:$output $_.FullName  \n}  \n\"Done\"  ",
                "errorActionPreference": "stop",
                "failOnStderr": "false",
                "showWarnings": "false",
                "ignoreLASTEXITCODE": "false",
                "pwsh": "false",
                "workingDirectory": "/home/vsts/work/r1/a/_vibhor-voicebot_pipelines-dotnet-core"
              }
            },
            {
              "environment": {},
              "taskId": "ce096e50-6155-4de8-8800-4221aaeed4a1",
              "version": "1.*",
              "name": "Run Code Analysis",
              "refName": "",
              "enabled": true,
              "alwaysRun": false,
              "continueOnError": false,
              "timeoutInMinutes": 0,
              "definitionType": "task",
              "overrideInputs": {},
              "condition": "succeeded()",
              "inputs": {}
            },
            {
              "environment": {},
              "taskId": "5541a522-603c-47ad-91fc-a4b1d163081b",
              "version": "2.*",
              "name": "dotnet publish",
              "refName": "",
              "enabled": true,
              "alwaysRun": false,
              "continueOnError": false,
              "timeoutInMinutes": 0,
              "definitionType": "task",
              "overrideInputs": {},
              "condition": "succeeded()",
              "inputs": {
                "command": "publish",
                "publishWebProjects": "true",
                "projects": "",
                "custom": "",
                "arguments": "",
                "restoreArguments": "",
                "publishTestResults": "true",
                "testRunTitle": "",
                "zipAfterPublish": "true",
                "modifyOutputPath": "true",
                "selectOrConfig": "select",
                "feedRestore": "",
                "includeNuGetOrg": "true",
                "nugetConfigPath": "",
                "externalEndpoints": "",
                "noCache": "false",
                "packagesDirectory": "",
                "verbosityRestore": "Detailed",
                "searchPatternPush": "$(Build.ArtifactStagingDirectory)/*.nupkg",
                "nuGetFeedType": "internal",
                "feedPublish": "",
                "publishPackageMetadata": "true",
                "externalEndpoint": "",
                "searchPatternPack": "**/*.csproj",
                "configurationToPack": "$(BuildConfiguration)",
                "outputDir": "$(Build.ArtifactStagingDirectory)",
                "nobuild": "false",
                "includesymbols": "false",
                "includesource": "false",
                "versioningScheme": "off",
                "versionEnvVar": "",
                "requestedMajorVersion": "1",
                "requestedMinorVersion": "0",
                "requestedPatchVersion": "0",
                "buildProperties": "",
                "verbosityPack": "Detailed",
                "workingDirectory": ""
              }
            },
            {
              "environment": {},
              "taskId": "38b27399-a642-40af-bb7d-9971f69712e8",
              "version": "1.*",
              "name": "Publish Quality Gate Result",
              "refName": "",
              "enabled": true,
              "alwaysRun": false,
              "continueOnError": false,
              "timeoutInMinutes": 0,
              "definitionType": "task",
              "overrideInputs": {},
              "condition": "succeeded()",
              "inputs": {
                "pollingTimeoutSec": "300"
              }
            }
          ]
        }
      ],
      "environmentOptions": {
        "emailNotificationType": "OnlyOnFailure",
        "emailRecipients": "release.environment.owner;release.creator",
        "skipArtifactsDownload": false,
        "timeoutInMinutes": 0,
        "enableAccessToken": false,
        "publishDeploymentStatus": true,
        "badgeEnabled": true,
        "autoLinkWorkItems": true,
        "pullRequestDeploymentEnabled": true
      },
      "demands": [],
      "conditions": [
        {
          "name": "ReleaseStarted",
          "conditionType": "event",
          "value": ""
        }
      ],
      "executionPolicy": {
        "concurrencyCount": 1,
        "queueDepthCount": 0
      },
      "schedules": [],
      "currentRelease": {
        "id": 29,
        "url": "https://vsrm.dev.azure.com/703272279/976bcf7a-5c07-4334-a8c1-848c501ca00a/_apis/Release/releases/29",
        "_links": {}
      },
      "retentionPolicy": {
        "daysToKeep": 30,
        "releasesToKeep": 3,
        "retainBuild": true
      },
      "processParameters": {
        "dataSourceBindings": [
          {
            "dataSourceName": "AzureRMWebAppNamesByAppType",
            "parameters": {
              "WebAppKind": "$(WebAppKind)"
            },
            "endpointId": "$(ConnectedServiceName)",
            "target": "WebAppName"
          }
        ]
      },
      "properties": {
        "BoardsEnvironmentType": {
          "$type": "System.String",
          "$value": "development"
        },
        "LinkBoardsWorkItems": {
          "$type": "System.String",
          "$value": "True"
        }
      },
      "preDeploymentGates": {
        "id": 0,
        "gatesOptions": null,
        "gates": []
      },
      "postDeploymentGates": {
        "id": 0,
        "gatesOptions": null,
        "gates": []
      },
      "environmentTriggers": [],
      "badgeUrl": ""
    }
  ],
  "artifacts": [
    {
      "sourceId": "$ProjectId$:$vibhor-voicebot.pipelines-dotnet-core-id$",
      "type": "Build",
      "alias": "_vibhor-voicebot.pipelines-dotnet-core",
      "definitionReference": {
        "artifactSourceDefinitionUrl": "{}",
        "defaultVersionBranch": {
          "id": "",
          "name": ""
        },
        "defaultVersionSpecific": {
          "id": "",
          "name": ""
        },
        "defaultVersionTags": {
          "id": "",
          "name": ""
        },
        "defaultVersionType": {
          "id": "latestType",
          "name": "Latest"
        },
        "definition": {
          "id": "$vibhor-voicebot.pipelines-dotnet-core-id$",
          "name": "vibhor-voicebot.pipelines-dotnet-core"
        },
        "definitions": {
          "id": "",
          "name": ""
        },
        "IsMultiDefinitionType": {
          "id": "False",
          "name": "False"
        },
        "project": {
          "id": "$ProjectId$",
          "name": "$ProjectName$"
        },
        "repository": {
          "id": "",
          "name": ""
        }
      },
      "isRetained": false
    },
    {
      "sourceId": "81d3c780-436d-46b1-b2a6-fc18df500353:vibhor-voicebot/pipelines-dotnet-core",
      "type": "GitHub",
      "alias": "_vibhor-voicebot_pipelines-dotnet-core",
      "definitionReference": {
        "artifactSourceDefinitionUrl": {
          "id": "https://github.com/vibhor-voicebot/pipelines-dotnet-core",
          "name": ""
        },
        "branch": {
          "id": "master",
          "name": "master"
        },
        "checkoutNestedSubmodules": {
          "id": "True",
          "name": "Any nested submodules within"
        },
        "checkoutSubmodules": {
          "id": "",
          "name": ""
        },
        "connection": {
          "id": "81d3c780-436d-46b1-b2a6-fc18df500353",
          "name": "vibhor-voicebot"
        },
        "defaultVersionSpecific": {
          "id": "",
          "name": ""
        },
        "defaultVersionType": {
          "id": "latestFromBranchType",
          "name": "Latest from the default branch"
        },
        "definition": {
          "id": "vibhor-voicebot/pipelines-dotnet-core",
          "name": "vibhor-voicebot/pipelines-dotnet-core"
        },
        "fetchDepth": {
          "id": "",
          "name": ""
        },
        "gitHubRepositoryId": {
          "id": "245881058",
          "name": "245881058"
        },
        "gitLfsSupport": {
          "id": "",
          "name": ""
        }
      },
      "isPrimary": true,
      "isRetained": false
    }
  ],
  "triggers": [
    {
      "artifactAlias": "_vibhor-voicebot.pipelines-dotnet-core",
      "triggerConditions": [
        {
          "targetBranch": "master",
          "tags": []
        }
      ],
      "pullRequestConfiguration": {
        "useArtifactReference": false,
        "codeRepositoryReference": {
          "systemType": "gitHub",
          "repositoryReference": {
            "pullRequestRepositoryName": {
              "value": "vibhor-voicebot/pipelines-dotnet-core",
              "displayValue": "vibhor-voicebot/pipelines-dotnet-core"
            },
            "pullRequestSystemConnectionId": {
              "value": "81d3c780-436d-46b1-b2a6-fc18df500353",
              "displayValue": "81d3c780-436d-46b1-b2a6-fc18df500353"
            }
          }
        }
      },
      "statusPolicyName": "",
      "triggerType": "pullRequest"
    }
  ],
  "releaseNameFormat": "Release-$(rev:r)",
  "tags": [],
  "properties": {
    "DefinitionCreationSource": {
      "$type": "System.String",
      "$value": "ReleaseNew"
    },
    "IntegrateBoardsWorkItems": {
      "$type": "System.String",
      "$value": "True"
    },
    "IntegrateJiraWorkItems": {
      "$type": "System.String",
      "$value": "false"
    }
  },
  "id": "",
  "name": "working release pipeline",
  "path": "\\",
  "projectReference": null,
  "url": "",
  "_links": "{}"
}